INSERT INTO projects (id, title, category, funding_goal, start_date, end_date) VALUES 
(1, 'save the planet', 'charity', 8000, '2020-11-23', '2020-12-23'), 
(2, 'help me buy an iphone', 'electronics', 700, '2020-11-09', '2020-11-09'), 
(3, 'euro trip', 'travel', 5000, '2021-05-01', '2021-05-31'), 
(4, 'clean water for all', 'charity', 6000, '2021-01-01', '2021-02-01'), 
(5, 'no kill shelter', 'charity', 2000, '2020-12-25', '2020-12-26'), 
(6, 'fund my coding bootcamp', 'education', 15000, '2020-09-28', '2021-02-28'), 
(7, 'no kids hungry in Cambodia', 'charity', 2200, '2021-07-14', '2021-07-21'), 
(8, 'help pay for my beam projector', 'electronics', 650, '2020-10-29', '2020-11-08'), 
(9, 'fight cancer', 'charity', 1800, '2020-12-24', '2021-01-02'), 
(10, 'sponsor my dart career', 'sports', 30000, '2035-01-01', '2036-01-01');
INSERT INTO users (id, name, age) VALUES 
(1, 'James', 31), 
(2, 'Steve', 31), 
(3, 'Jeff', 27), 
(4, 'Rachel', 29), 
(5, 'Mark', 22), 
(6, 'Jessica', 22), 
(7, 'Stacy', 29), 
(8, 'Emily', 29), 
(9, 'Brian', 28), 
(10, 'Jane', 36), 
(11, 'John', 33), 
(12, 'David', 32), 
(13, 'Jack', 38), 
(14, 'Marcus', 42), 
(15, 'Mike', 39), 
(16, 'Shawn', 26), 
(17, 'Spenser', 28), 
(18, 'Johnson', 30), 
(19, 'Jenn', 35), 
(20, 'Alison', 21);
INSERT INTO pledges (id, amount, user_id, project_id) VALUES 
(1, 1200, 1, 1), 
(2, 100, 1, 2), 
(3, 40, 8, 6), 
(4, 3000, 12, 10), 
(5, 200, 4, 8), 
(6, 200, 4, 4), 
(7, 800, 14, 9), 
(8, 180, 19, 9), 
(9, 140, 19, 10), 
(10, 2000, 9, 3), 
(11, 60, 13, 7), 
(12, 1000, 18, 7), 
(13, 800, 17, 5), 
(14, 180, 11, 6), 
(15, 180, 11, 7), 
(16, 360, 15, 1), 
(17, 100, 16, 3), 
(18, 40, 18, 10), 
(19, 1600, 2, 10), 
(20, 200, 7, 8), 
(21, 200, 8, 6), 
(22, 800, 9, 6), 
(23, 180, 10, 5), 
(24, 140, 14, 4), 
(25, 2000, 20, 1), 
(26, 60, 13, 7), 
(27, 1000, 3, 4), 
(28, 800, 6, 10), 
(29, 180, 7, 6), 
(30, 180, 8, 6);